{"is_source_file": false, "format": "", "description": "", "external_files": [], "external_methods": [], "published": [], "classes": [], "methods": [], "calls": [], "search-terms": [], "state": 2, "file_id": 8, "knowledge_revision": 13, "git_revision": "731fba98a6db0b503d6c3b2ea752e28bf36bf083", "hash": "b43f470c5df5e9ff4c2f5e0bd917a881", "format-version": 4, "code-base-name": "enterprise_frontend_dashboard", "filename": "enterprise_frontend_dashboard/eslint.config.mjs", "revision_history": [{"13": "731fba98a6db0b503d6c3b2ea752e28bf36bf083"}]}