{"is_source_file": true, "format": "TypeScript (TSX)", "description": "This file defines a React functional component called NotFound, which renders a 404 error page when a page is not found in the application.", "external_files": ["react"], "external_methods": [], "published": [], "classes": [], "methods": [{"name": "NotFound", "description": "A React functional component that displays a 404 error message page."}], "calls": [], "search-terms": ["NotFound", "404 error page", "react", "tsx", "not found component"], "state": 2, "file_id": 4, "knowledge_revision": 23, "git_revision": "731fba98a6db0b503d6c3b2ea752e28bf36bf083", "ctags": [], "hash": "6e11a41806f450f4131b5f7b53a61152", "format-version": 4, "code-base-name": "enterprise_frontend_dashboard", "filename": "enterprise_frontend_dashboard/src/app/not-found.tsx", "revision_history": [{"23": "731fba98a6db0b503d6c3b2ea752e28bf36bf083"}]}