{"is_source_file": false, "format": "", "description": "", "external_files": [], "external_methods": [], "published": [], "classes": [], "methods": [], "calls": [], "search-terms": [], "state": 2, "file_id": 11, "knowledge_revision": 19, "git_revision": "731fba98a6db0b503d6c3b2ea752e28bf36bf083", "hash": "e6692c25853b80b6ebb8a113b5470a5b", "format-version": 4, "code-base-name": "enterprise_frontend_dashboard", "filename": "enterprise_frontend_dashboard/package.json", "revision_history": [{"19": "731fba98a6db0b503d6c3b2ea752e28bf36bf083"}]}