{"is_source_file": true, "format": "TypeScript", "description": "A configuration file for Next.js, setting the output type for static export.", "external_files": ["next"], "external_methods": [], "published": ["nextConfig"], "classes": [], "methods": [], "calls": ["Object.assign", "export default"], "search-terms": ["next.config.ts", "NextConfig", "static export", "next"], "state": 2, "file_id": 2, "knowledge_revision": 21, "git_revision": "731fba98a6db0b503d6c3b2ea752e28bf36bf083", "ctags": [{"_type": "tag", "name": "nextConfig", "path": "/home/kavia/workspace/code-generation/enterprise-integration-platform-239513-239523/enterprise_frontend_dashboard/next.config.ts", "pattern": "/^const nextConfig: NextConfig = {$/", "language": "TypeScript", "kind": "constant"}], "hash": "d2e8cb2378dd8f1f25150e4609f18db6", "format-version": 4, "code-base-name": "enterprise_frontend_dashboard", "filename": "enterprise_frontend_dashboard/next.config.ts", "revision_history": [{"21": "731fba98a6db0b503d6c3b2ea752e28bf36bf083"}]}