{"is_source_file": false, "format": "", "description": "", "external_files": [], "external_methods": [], "published": [], "classes": [], "methods": [], "calls": [], "search-terms": [], "state": 2, "file_id": 7, "knowledge_revision": 15, "git_revision": "731fba98a6db0b503d6c3b2ea752e28bf36bf083", "hash": "0cf97a81150d3b8904f285780896980d", "format-version": 4, "code-base-name": "enterprise_frontend_dashboard", "filename": "enterprise_frontend_dashboard/tsconfig.json", "revision_history": [{"15": "731fba98a6db0b503d6c3b2ea752e28bf36bf083"}]}