{"is_source_file": true, "format": "TypeScript/TSX", "description": "A React functional component 'Home' that renders a centered message indicating the dashboard is being generated.", "external_files": [], "external_methods": [], "published": ["Home"], "classes": [], "methods": [{"name": "Home", "description": "React functional component returning JSX that displays a centered message about dashboard generation."}], "calls": [], "search-terms": ["React", "functional component", "page.tsx", "dashboard", "centered message", "TSX", "enterprise_frontend_dashboard"], "state": 2, "file_id": 5, "knowledge_revision": 20, "git_revision": "731fba98a6db0b503d6c3b2ea752e28bf36bf083", "ctags": [], "hash": "41fc308efb2fa8c5ce8a32d59f642a17", "format-version": 4, "code-base-name": "enterprise_frontend_dashboard", "filename": "enterprise_frontend_dashboard/src/app/page.tsx", "revision_history": [{"20": "731fba98a6db0b503d6c3b2ea752e28bf36bf083"}]}