{"is_source_file": true, "format": "TypeScript JSX (TSX)", "description": "This file defines the root layout component for a Next.js application, including metadata and basic HTML structure.", "external_files": ["./globals.css"], "external_methods": [], "published": ["metadata"], "classes": [], "methods": [{"name": "RootLayout", "description": "React component that provides the root layout, rendering HTML structure and children."}], "calls": ["React.createElement", "html", "body"], "search-terms": ["Next.js layout", "React component", "metadata", "globals.css", "TSX"], "state": 2, "file_id": 3, "knowledge_revision": 22, "git_revision": "731fba98a6db0b503d6c3b2ea752e28bf36bf083", "ctags": [], "hash": "b8c9da91775e68b2caf15c64c76a1bf6", "format-version": 4, "code-base-name": "enterprise_frontend_dashboard", "filename": "enterprise_frontend_dashboard/src/app/layout.tsx", "revision_history": [{"22": "731fba98a6db0b503d6c3b2ea752e28bf36bf083"}]}