{"is_source_file": true, "format": "JavaScript module (.mjs)", "description": "Configuration file for PostCSS using TailwindCSS plugins", "external_files": ["@tailwindcss/postcss"], "external_methods": [], "published": ["default"], "classes": [], "methods": [], "calls": ["config.plugins"], "search-terms": ["postcss", "tailwindcss", "plugin", "configuration", "postcss.config.mjs"], "state": 2, "file_id": 10, "knowledge_revision": 17, "git_revision": "731fba98a6db0b503d6c3b2ea752e28bf36bf083", "hash": "675899342e765a4d16acd75a53389101", "format-version": 4, "code-base-name": "enterprise_frontend_dashboard", "filename": "enterprise_frontend_dashboard/postcss.config.mjs", "revision_history": [{"17": "731fba98a6db0b503d6c3b2ea752e28bf36bf083"}]}