{"is_source_file": false, "format": "", "description": "", "external_files": [], "external_methods": [], "published": [], "classes": [], "methods": [], "calls": [], "search-terms": [], "state": 2, "file_id": 9, "knowledge_revision": 18, "git_revision": "731fba98a6db0b503d6c3b2ea752e28bf36bf083", "hash": "f15aaa42d5d299d091b1171097ea56ad", "format-version": 4, "code-base-name": "enterprise_frontend_dashboard", "filename": "enterprise_frontend_dashboard/README.md", "revision_history": [{"18": "731fba98a6db0b503d6c3b2ea752e28bf36bf083"}]}