{"is_source_file": false, "format": "", "description": "", "external_files": [], "external_methods": [], "published": [], "classes": [], "methods": [], "calls": [], "search-terms": [], "state": 2, "file_id": 6, "knowledge_revision": 16, "git_revision": "731fba98a6db0b503d6c3b2ea752e28bf36bf083", "hash": "3c1768b77216592a4081b38e1e50898f", "format-version": 4, "code-base-name": "enterprise_frontend_dashboard", "filename": "enterprise_frontend_dashboard/src/app/globals.css", "revision_history": [{"16": "731fba98a6db0b503d6c3b2ea752e28bf36bf083"}]}