{"is_source_file": false, "format": "", "description": "", "external_files": [], "external_methods": [], "published": [], "classes": [], "methods": [], "calls": [], "search-terms": ["enterprise-integration-platform", "README.md", "239513"], "state": 2, "file_id": 1, "knowledge_revision": 14, "git_revision": "ccbb2f398371f15d8f8fb0c0166b6153f57df3e7", "hash": "1bc0932a36a7eeb8459aeab1683654cb", "format-version": 4, "code-base-name": "enterprise_frontend_dashboard", "filename": "README.md", "revision_history": [{"14": "ccbb2f398371f15d8f8fb0c0166b6153f57df3e7"}]}